,0
0,600000.SH
1,600008.SH
2,600004.SH
3,600033.SH
4,600007.SH
5,600019.SH
6,600011.SH
7,600016.SH
8,600030.SH
9,600031.SH
10,600056.SH
11,600129.SH
12,600141.SH
13,600158.SH
14,600166.SH
15,600177.SH
16,600239.SH
17,600251.SH
18,600260.SH
19,600271.SH
20,600284.SH
21,600336.SH
22,600339.SH
23,600368.SH
24,600369.SH
25,600373.SH
26,600393.SH
27,600481.SH
28,600516.SH
29,600550.SH
30,600561.SH
31,600572.SH
32,600585.SH
33,600596.SH
34,600618.SH
35,600649.SH
36,600661.SH
37,600698.SH
38,600731.SH
39,600738.SH
40,600757.SH
41,600761.SH
42,600765.SH
43,600767.SH
44,600790.SH
45,600797.SH
46,600820.SH
47,600834.SH
48,600837.SH
49,600838.SH
50,600843.SH
51,600886.SH
52,600978.SH
53,601231.SH
54,601375.SH
55,601377.SH
56,603007.SH
57,603009.SH
58,603012.SH
59,603018.SH
60,603050.SH
61,603133.SH
62,603139.SH
63,600062.SH
64,600077.SH
65,600084.SH
66,600109.SH
67,600132.SH
68,600178.SH
69,600185.SH
70,600189.SH
71,600230.SH
72,600231.SH
73,600234.SH
74,600249.SH
75,600310.SH
76,600326.SH
77,600356.SH
78,600385.SH
79,600391.SH
80,600467.SH
81,600490.SH
82,600511.SH
83,600513.SH
84,600555.SH
85,600605.SH
86,600614.SH
87,600621.SH
88,600642.SH
89,600668.SH
90,600681.SH
91,600682.SH
92,600718.SH
93,600720.SH
94,600727.SH
95,600751.SH
96,600768.SH
97,600776.SH
98,600783.SH
99,600805.SH
100,600811.SH
101,600833.SH
102,600841.SH
103,600966.SH
104,600980.SH
105,601012.SH
106,601038.SH
107,601088.SH
108,601099.SH
109,601158.SH
110,601163.SH
111,601188.SH
112,601258.SH
113,601668.SH
114,601818.SH
115,601929.SH
116,601989.SH
117,603002.SH
118,603003.SH
119,603006.SH
120,603035.SH
121,603088.SH
122,603117.SH
123,600050.SH
124,600059.SH
125,600078.SH
126,600086.SH
127,600088.SH
128,600152.SH
129,600167.SH
130,600169.SH
131,600175.SH
132,600180.SH
133,600207.SH
134,600233.SH
135,600248.SH
136,600266.SH
137,600272.SH
138,600280.SH
139,600287.SH
140,600293.SH
141,600295.SH
142,600301.SH
143,600313.SH
144,600317.SH
145,600351.SH
146,600366.SH
147,600400.SH
148,600406.SH
149,600410.SH
150,600461.SH
151,600470.SH
152,600482.SH
153,600498.SH
154,600499.SH
155,600538.SH
156,600581.SH
157,600594.SH
158,600595.SH
159,600611.SH
160,600617.SH
161,600626.SH
162,600628.SH
163,600640.SH
164,600660.SH
165,600687.SH
166,600702.SH
167,600721.SH
168,600722.SH
169,600739.SH
170,600745.SH
171,600779.SH
172,600792.SH
173,600809.SH
174,600818.SH
175,600856.SH
176,600860.SH
177,600864.SH
178,600883.SH
179,600891.SH
180,600909.SH
181,600919.SH
182,600963.SH
183,600069.SH
184,600085.SH
185,600096.SH
186,600098.SH
187,600113.SH
188,600137.SH
189,600157.SH
190,600160.SH
191,600186.SH
192,600201.SH
193,600241.SH
194,600269.SH
195,600276.SH
196,600278.SH
197,600281.SH
198,600283.SH
199,600298.SH
200,600302.SH
201,600305.SH
202,600307.SH
203,600318.SH
204,600322.SH
205,600337.SH
206,600350.SH
207,600423.SH
208,600439.SH
209,600449.SH
210,600452.SH
211,600571.SH
212,600589.SH
213,600590.SH
214,600600.SH
215,600633.SH
216,600655.SH
217,600701.SH
218,600715.SH
219,600716.SH
220,600736.SH
221,600737.SH
222,600778.SH
223,600817.SH
224,600848.SH
225,600884.SH
226,600890.SH
227,600894.SH
228,600897.SH
229,600983.SH
230,601011.SH
231,601139.SH
232,601168.SH
233,601177.SH
234,601318.SH
235,601326.SH
236,601600.SH
237,601618.SH
238,601633.SH
239,601636.SH
240,601717.SH
241,600009.SH
242,600039.SH
243,600076.SH
244,600099.SH
245,600117.SH
246,600118.SH
247,600131.SH
248,600135.SH
249,600183.SH
250,600196.SH
251,600200.SH
252,600209.SH
253,600213.SH
254,600218.SH
255,600221.SH
256,600225.SH
257,600228.SH
258,600255.SH
259,600321.SH
260,600330.SH
261,600333.SH
262,600389.SH
263,600399.SH
264,600408.SH
265,600435.SH
266,600463.SH
267,600477.SH
268,600495.SH
269,600512.SH
270,600519.SH
271,600522.SH
272,600523.SH
273,600531.SH
274,600560.SH
275,600567.SH
276,600573.SH
277,600578.SH
278,600582.SH
279,600619.SH
280,600641.SH
281,600663.SH
282,600674.SH
283,600677.SH
284,600708.SH
285,600719.SH
286,600726.SH
287,600758.SH
288,600867.SH
289,600876.SH
290,600895.SH
291,600898.SH
292,600908.SH
293,600917.SH
294,600959.SH
295,601015.SH
296,601127.SH
297,601137.SH
298,601155.SH
299,601218.SH
300,601233.SH
301,601390.SH
302,601515.SH
303,600027.SH
304,600057.SH
305,600073.SH
306,600080.SH
307,600114.SH
308,600116.SH
309,600138.SH
310,600143.SH
311,600203.SH
312,600206.SH
313,600237.SH
314,600238.SH
315,600243.SH
316,600279.SH
317,600282.SH
318,600325.SH
319,600340.SH
320,600345.SH
321,600348.SH
322,600377.SH
323,600379.SH
324,600392.SH
325,600468.SH
326,600469.SH
327,600493.SH
328,600502.SH
329,600508.SH
330,600548.SH
331,600580.SH
332,600583.SH
333,600616.SH
334,600645.SH
335,600647.SH
336,600650.SH
337,600664.SH
338,600666.SH
339,600675.SH
340,600676.SH
341,600679.SH
342,600696.SH
343,600717.SH
344,600744.SH
345,600784.SH
346,600806.SH
347,600815.SH
348,600844.SH
349,600853.SH
350,600870.SH
351,600871.SH
352,600936.SH
353,600965.SH
354,600973.SH
355,600990.SH
356,601001.SH
357,601111.SH
358,601117.SH
359,601208.SH
360,601211.SH
361,601311.SH
362,601619.SH
363,601677.SH
364,600017.SH
365,600026.SH
366,600058.SH
367,600094.SH
368,600112.SH
369,600119.SH
370,600168.SH
371,600176.SH
372,600184.SH
373,600202.SH
374,600211.SH
375,600229.SH
376,600250.SH
377,600265.SH
378,600290.SH
379,600306.SH
380,600309.SH
381,600323.SH
382,600332.SH
383,600376.SH
384,600383.SH
385,600390.SH
386,600419.SH
387,600433.SH
388,600525.SH
389,600537.SH
390,600556.SH
391,600577.SH
392,600602.SH
393,600639.SH
394,600667.SH
395,600685.SH
396,600724.SH
397,600742.SH
398,600756.SH
399,600764.SH
400,600766.SH
401,600814.SH
402,600831.SH
403,600839.SH
404,600845.SH
405,600851.SH
406,600861.SH
407,600865.SH
408,600868.SH
409,600874.SH
410,600880.SH
411,600888.SH
412,600939.SH
413,600981.SH
414,600982.SH
415,600987.SH
416,601086.SH
417,601113.SH
418,601166.SH
419,601179.SH
420,601222.SH
421,601328.SH
422,601519.SH
423,601608.SH
424,601718.SH
425,601878.SH
426,601997.SH
427,603020.SH
428,600052.SH
429,600061.SH
430,600063.SH
431,600066.SH
432,600104.SH
433,600126.SH
434,600161.SH
435,600182.SH
436,600222.SH
437,600236.SH
438,600242.SH
439,600261.SH
440,600267.SH
441,600289.SH
442,600291.SH
443,600292.SH
444,600300.SH
445,600312.SH
446,600327.SH
447,600346.SH
448,600354.SH
449,600363.SH
450,600371.SH
451,600375.SH
452,600380.SH
453,600405.SH
454,600416.SH
455,600420.SH
456,600480.SH
457,600510.SH
458,600575.SH
459,600587.SH
460,600588.SH
461,600601.SH
462,600623.SH
463,600629.SH
464,600635.SH
465,600644.SH
466,600680.SH
467,600699.SH
468,600733.SH
469,600746.SH
470,600749.SH
471,600771.SH
472,600777.SH
473,600823.SH
474,600855.SH
475,600879.SH
476,600961.SH
477,601000.SH
478,601005.SH
479,601058.SH
480,601229.SH
481,601611.SH
482,601688.SH
483,601699.SH
484,601777.SH
485,601899.SH
486,601939.SH
487,603189.SH
488,603268.SH
489,603286.SH
490,603313.SH
491,603315.SH
492,603386.SH
493,603527.SH
494,603580.SH
495,603626.SH
496,603658.SH
497,603668.SH
498,603726.SH
499,603800.SH
500,603882.SH
501,603987.SH
502,000006.SZ
503,000023.SZ
504,000049.SZ
505,000158.SZ
506,000333.SZ
507,000426.SZ
508,000488.SZ
509,000501.SZ
510,000520.SZ
511,000557.SZ
512,000610.SZ
513,000626.SZ
514,000630.SZ
515,000655.SZ
516,000721.SZ
517,000728.SZ
518,000802.SZ
519,000916.SZ
520,000920.SZ
521,000989.SZ
522,000996.SZ
523,002003.SZ
524,002005.SZ
525,002007.SZ
526,002026.SZ
527,603306.SH
528,603330.SH
529,603383.SH
530,603385.SH
531,603416.SH
532,603602.SH
533,603677.SH
534,603686.SH
535,603708.SH
536,603757.SH
537,603788.SH
538,603817.SH
539,603858.SH
540,603861.SH
541,603883.SH
542,603928.SH
543,603977.SH
544,603988.SH
545,000030.SZ
546,000069.SZ
547,000088.SZ
548,000413.SZ
549,000422.SZ
550,000507.SZ
551,000539.SZ
552,000563.SZ
553,000567.SZ
554,000599.SZ
555,000622.SZ
556,000667.SZ
557,000732.SZ
558,000790.SZ
559,000807.SZ
560,000829.SZ
561,000889.SZ
562,000897.SZ
563,000898.SZ
564,000908.SZ
565,000932.SZ
566,000948.SZ
567,000958.SZ
568,000961.SZ
569,000965.SZ
570,000987.SZ
571,002015.SZ
572,002025.SZ
573,600967.SH
574,600984.SH
575,601007.SH
576,601008.SH
577,601098.SH
578,601128.SH
579,601368.SH
580,601555.SH
581,601558.SH
582,601808.SH
583,601857.SH
584,601858.SH
585,601882.SH
586,601928.SH
587,601966.SH
588,601991.SH
589,603000.SH
590,603033.SH
591,603238.SH
592,603303.SH
593,603321.SH
594,603331.SH
595,603519.SH
596,603520.SH
597,603528.SH
598,603603.SH
599,603618.SH
600,603636.SH
601,603696.SH
602,603768.SH
603,603778.SH
604,603789.SH
605,603823.SH
606,603879.SH
607,603887.SH
608,603901.SH
609,603906.SH
610,000012.SZ
611,000151.SZ
612,000159.SZ
613,000408.SZ
614,000516.SZ
615,000595.SZ
616,000600.SZ
617,000607.SZ
618,000617.SZ
619,000623.SZ
620,000651.SZ
621,000661.SZ
622,000678.SZ
623,000711.SZ
624,000713.SZ
625,000727.SZ
626,000738.SZ
627,000739.SZ
628,000751.SZ
629,000767.SZ
630,000809.SZ
631,000812.SZ
632,601766.SH
633,601789.SH
634,603041.SH
635,603060.SH
636,603113.SH
637,603128.SH
638,603131.SH
639,603157.SH
640,603166.SH
641,603203.SH
642,603229.SH
643,603266.SH
644,603311.SH
645,603360.SH
646,603366.SH
647,603389.SH
648,603429.SH
649,603568.SH
650,603579.SH
651,603608.SH
652,603648.SH
653,603656.SH
654,603787.SH
655,603806.SH
656,603866.SH
657,603868.SH
658,603929.SH
659,603998.SH
660,000027.SZ
661,000032.SZ
662,000033.SZ
663,000060.SZ
664,000062.SZ
665,000065.SZ
666,000089.SZ
667,000150.SZ
668,000511.SZ
669,000518.SZ
670,000537.SZ
671,000573.SZ
672,000635.SZ
673,000638.SZ
674,000693.SZ
675,000703.SZ
676,000705.SZ
677,000719.SZ
678,000755.SZ
679,000780.SZ
680,000799.SZ
681,000825.SZ
682,000838.SZ
683,000852.SZ
684,000876.SZ
685,000881.SZ
686,000895.SZ
687,600010.SH
688,600072.SH
689,600093.SH
690,600130.SH
691,600179.SH
692,600268.SH
693,600288.SH
694,600316.SH
695,600335.SH
696,600387.SH
697,600415.SH
698,600421.SH
699,600466.SH
700,600491.SH
701,600496.SH
702,600518.SH
703,600530.SH
704,600532.SH
705,600540.SH
706,600546.SH
707,600563.SH
708,600566.SH
709,600584.SH
710,600593.SH
711,600753.SH
712,600759.SH
713,600782.SH
714,600789.SH
715,600793.SH
716,600800.SH
717,600804.SH
718,600859.SH
719,600873.SH
720,600889.SH
721,600977.SH
722,600999.SH
723,601028.SH
724,601107.SH
725,601186.SH
726,601212.SH
727,601238.SH
728,601599.SH
729,601669.SH
730,601798.SH
731,601799.SH
732,601801.SH
733,601881.SH
734,601933.SH
735,601965.SH
736,601988.SH
737,601998.SH
738,603005.SH
739,603225.SH
740,603328.SH
741,603333.SH
742,603345.SH
743,603369.SH
744,603505.SH
745,601800.SH
746,601877.SH
747,601918.SH
748,601919.SH
749,601968.SH
750,601996.SH
751,603023.SH
752,603030.SH
753,603233.SH
754,603318.SH
755,603335.SH
756,603377.SH
757,603387.SH
758,603388.SH
759,603398.SH
760,603444.SH
761,603488.SH
762,603535.SH
763,603585.SH
764,603633.SH
765,603688.SH
766,603689.SH
767,603701.SH
768,603727.SH
769,603738.SH
770,603838.SH
771,603926.SH
772,603996.SH
773,000011.SZ
774,000014.SZ
775,000048.SZ
776,000153.SZ
777,000415.SZ
778,000418.SZ
779,000419.SZ
780,000513.SZ
781,000526.SZ
782,000536.SZ
783,000568.SZ
784,000593.SZ
785,000619.SZ
786,000657.SZ
787,000718.SZ
788,000720.SZ
789,000722.SZ
790,000729.SZ
791,000733.SZ
792,000776.SZ
793,000786.SZ
794,000831.SZ
795,000885.SZ
796,000915.SZ
797,000921.SZ
798,000949.SZ
799,000990.SZ
800,002008.SZ
801,002028.SZ
802,600020.SH
803,600028.SH
804,600036.SH
805,600054.SH
806,600091.SH
807,600105.SH
808,600111.SH
809,600123.SH
810,600139.SH
811,600146.SH
812,600148.SH
813,600156.SH
814,600165.SH
815,600172.SH
816,600195.SH
817,600246.SH
818,600275.SH
819,600353.SH
820,600358.SH
821,600378.SH
822,600382.SH
823,600396.SH
824,600403.SH
825,600422.SH
826,600428.SH
827,600456.SH
828,600458.SH
829,600459.SH
830,600486.SH
831,600489.SH
832,600497.SH
833,600539.SH
834,600551.SH
835,600612.SH
836,600613.SH
837,600636.SH
838,600638.SH
839,600671.SH
840,600673.SH
841,600678.SH
842,600684.SH
843,600740.SH
844,600760.SH
845,600763.SH
846,600828.SH
847,600835.SH
848,600872.SH
849,600892.SH
850,600970.SH
851,600997.SH
852,601009.SH
853,601116.SH
854,601118.SH
855,601288.SH
856,601567.SH
857,601595.SH
858,601700.SH
859,601866.SH
860,601901.SH
861,603001.SH
862,603029.SH
863,603036.SH
864,603067.SH
865,603081.SH
866,603027.SH
867,603042.SH
868,603116.SH
869,603126.SH
870,603159.SH
871,603169.SH
872,603179.SH
873,603232.SH
874,603277.SH
875,603298.SH
876,603308.SH
877,603339.SH
878,603363.SH
879,603558.SH
880,603566.SH
881,603569.SH
882,603586.SH
883,603637.SH
884,603663.SH
885,603703.SH
886,603707.SH
887,603737.SH
888,603828.SH
889,603993.SH
890,000025.SZ
891,000043.SZ
892,000407.SZ
893,000411.SZ
894,000423.SZ
895,000430.SZ
896,000502.SZ
897,000519.SZ
898,000545.SZ
899,000551.SZ
900,000559.SZ
901,000561.SZ
902,000570.SZ
903,000571.SZ
904,000592.SZ
905,000637.SZ
906,000663.SZ
907,000676.SZ
908,000681.SZ
909,000753.SZ
910,000778.SZ
911,000797.SZ
912,000798.SZ
913,000803.SZ
914,000811.SZ
915,000816.SZ
916,000821.SZ
917,000830.SZ
918,000886.SZ
919,000917.SZ
920,000919.SZ
921,000923.SZ
922,002009.SZ
923,002031.SZ
924,002033.SZ
925,000901.SZ
926,000903.SZ
927,000939.SZ
928,000978.SZ
929,000982.SZ
930,002010.SZ
931,002019.SZ
932,002022.SZ
933,603518.SH
934,603533.SH
935,603588.SH
936,603595.SH
937,603660.SH
938,603669.SH
939,603725.SH
940,603758.SH
941,603798.SH
942,603811.SH
943,603816.SH
944,603825.SH
945,603839.SH
946,603843.SH
947,603859.SH
948,603900.SH
949,603919.SH
950,603939.SH
951,603980.SH
952,603997.SH
953,000002.SZ
954,000022.SZ
955,000028.SZ
956,000046.SZ
957,000058.SZ
958,000068.SZ
959,000099.SZ
960,000166.SZ
961,000410.SZ
962,000428.SZ
963,000524.SZ
964,000589.SZ
965,000611.SZ
966,000632.SZ
967,000636.SZ
968,000685.SZ
969,000686.SZ
970,000785.SZ
971,000795.SZ
972,000818.SZ
973,000820.SZ
974,000822.SZ
975,000905.SZ
976,000910.SZ
977,000931.SZ
978,000951.SZ
979,000952.SZ
980,000971.SZ
981,000973.SZ
982,000999.SZ
983,002024.SZ
984,002030.SZ
985,600018.SH
986,600006.SH
987,600029.SH
988,600012.SH
989,600060.SH
990,600100.SH
991,600115.SH
992,600122.SH
993,600133.SH
994,600136.SH
995,600149.SH
996,600151.SH
997,600215.SH
998,600223.SH
999,600247.SH
1000,600256.SH
1001,600259.SH
1002,600299.SH
1003,600303.SH
1004,600331.SH
1005,600352.SH
1006,600370.SH
1007,600381.SH
1008,600483.SH
1009,600487.SH
1010,600501.SH
1011,600505.SH
1012,600521.SH
1013,600526.SH
1014,600528.SH
1015,600529.SH
1016,600535.SH
1017,600545.SH
1018,600552.SH
1019,600559.SH
1020,600579.SH
1021,600609.SH
1022,600624.SH
1023,600648.SH
1024,600690.SH
1025,600691.SH
1026,600695.SH
1027,600706.SH
1028,600707.SH
1029,600725.SH
1030,600735.SH
1031,600743.SH
1032,600750.SH
1033,600795.SH
1034,600824.SH
1035,600846.SH
1036,600858.SH
1037,600885.SH
1038,600887.SH
1039,600900.SH
1040,600986.SH
1041,600992.SH
1042,601006.SH
1043,601018.SH
1044,601069.SH
1045,601126.SH
1046,601169.SH
1047,601199.SH
1048,601200.SH
1049,600015.SH
1050,600023.SH
1051,600035.SH
1052,600037.SH
1053,600053.SH
1054,600074.SH
1055,600075.SH
1056,600090.SH
1057,600095.SH
1058,600097.SH
1059,600171.SH
1060,600173.SH
1061,600199.SH
1062,600217.SH
1063,600277.SH
1064,600343.SH
1065,600362.SH
1066,600409.SH
1067,600418.SH
1068,600436.SH
1069,600438.SH
1070,600444.SH
1071,600448.SH
1072,600460.SH
1073,600462.SH
1074,600476.SH
1075,600500.SH
1076,600506.SH
1077,600515.SH
1078,600520.SH
1079,600558.SH
1080,600565.SH
1081,600569.SH
1082,600598.SH
1083,600608.SH
1084,600610.SH
1085,600634.SH
1086,600651.SH
1087,600652.SH
1088,600665.SH
1089,600694.SH
1090,600697.SH
1091,600754.SH
1092,600773.SH
1093,600781.SH
1094,600785.SH
1095,600794.SH
1096,600798.SH
1097,600850.SH
1098,600881.SH
1099,600882.SH
1100,600893.SH
1101,600969.SH
1102,600971.SH
1103,600975.SH
1104,600979.SH
1105,600988.SH
1106,600995.SH
1107,601100.SH
1108,601106.SH
1109,601333.SH
1110,600038.SH
1111,600055.SH
1112,600067.SH
1113,600068.SH
1114,600070.SH
1115,600191.SH
1116,600193.SH
1117,600198.SH
1118,600212.SH
1119,600227.SH
1120,600232.SH
1121,600252.SH
1122,600258.SH
1123,600329.SH
1124,600386.SH
1125,600398.SH
1126,600425.SH
1127,600426.SH
1128,600446.SH
1129,600478.SH
1130,600536.SH
1131,600543.SH
1132,600549.SH
1133,600557.SH
1134,600562.SH
1135,600592.SH
1136,600599.SH
1137,600604.SH
1138,600622.SH
1139,600662.SH
1140,600686.SH
1141,600704.SH
1142,600713.SH
1143,600728.SH
1144,600729.SH
1145,600747.SH
1146,600770.SH
1147,600791.SH
1148,600803.SH
1149,600826.SH
1150,600830.SH
1151,600854.SH
1152,600857.SH
1153,600866.SH
1154,600958.SH
1155,600962.SH
1156,601003.SH
1157,601010.SH
1158,601016.SH
1159,601216.SH
1160,601228.SH
1161,601518.SH
1162,601890.SH
1163,603032.SH
1164,603040.SH
1165,603096.SH
1166,603108.SH
1167,603197.SH
1168,603288.SH
1169,603359.SH
1170,600064.SH
1171,600079.SH
1172,600089.SH
1173,600103.SH
1174,600108.SH
1175,600127.SH
1176,600128.SH
1177,600153.SH
1178,600155.SH
1179,600188.SH
1180,600197.SH
1181,600210.SH
1182,600235.SH
1183,600285.SH
1184,600311.SH
1185,600319.SH
1186,600359.SH
1187,600361.SH
1188,600367.SH
1189,600388.SH
1190,600397.SH
1191,600401.SH
1192,600475.SH
1193,600479.SH
1194,600488.SH
1195,600503.SH
1196,600509.SH
1197,600576.SH
1198,600586.SH
1199,600630.SH
1200,600643.SH
1201,600688.SH
1202,600692.SH
1203,600693.SH
1204,600705.SH
1205,600710.SH
1206,600711.SH
1207,600712.SH
1208,600723.SH
1209,600734.SH
1210,600741.SH
1211,600748.SH
1212,600769.SH
1213,600774.SH
1214,600808.SH
1215,600810.SH
1216,600819.SH
1217,600960.SH
1218,600976.SH
1219,600993.SH
1220,601101.SH
1221,601198.SH
1222,601225.SH
1223,601566.SH
1224,601579.SH
1225,601666.SH
1226,601898.SH
1227,601900.SH
1228,601908.SH
1229,603038.SH
1230,603043.SH
1231,603058.SH
1232,603077.SH
1233,600021.SH
1234,600022.SH
1235,600048.SH
1236,600083.SH
1237,600101.SH
1238,600106.SH
1239,600107.SH
1240,600110.SH
1241,600121.SH
1242,600125.SH
1243,600145.SH
1244,600159.SH
1245,600162.SH
1246,600170.SH
1247,600216.SH
1248,600226.SH
1249,600257.SH
1250,600262.SH
1251,600270.SH
1252,600297.SH
1253,600315.SH
1254,600355.SH
1255,600432.SH
1256,600455.SH
1257,600485.SH
1258,600517.SH
1259,600533.SH
1260,600597.SH
1261,600615.SH
1262,600637.SH
1263,600657.SH
1264,600658.SH
1265,600683.SH
1266,600689.SH
1267,600703.SH
1268,600714.SH
1269,600732.SH
1270,600755.SH
1271,600796.SH
1272,600801.SH
1273,600802.SH
1274,600807.SH
1275,600812.SH
1276,600816.SH
1277,600825.SH
1278,600829.SH
1279,600836.SH
1280,600847.SH
1281,600863.SH
1282,600869.SH
1283,600877.SH
1284,600926.SH
1285,600985.SH
1286,600996.SH
1287,601002.SH
1288,601020.SH
1289,601366.SH
1290,601999.SH
1291,603010.SH
1292,603017.SH
1293,603022.SH
1294,603039.SH
1295,603078.SH
1296,603079.SH
1297,603090.SH
1298,603127.SH
1299,603136.SH
1300,603158.SH
1301,603208.SH
1302,603227.SH
1303,603319.SH
1304,603322.SH
1305,603500.SH
1306,603536.SH
1307,603729.SH
1308,603777.SH
1309,603908.SH
1310,603936.SH
1311,000034.SZ
1312,000061.SZ
1313,000070.SZ
1314,000401.SZ
1315,000404.SZ
1316,000417.SZ
1317,000514.SZ
1318,000534.SZ
1319,000552.SZ
1320,000564.SZ
1321,000565.SZ
1322,000572.SZ
1323,000609.SZ
1324,000620.SZ
1325,000666.SZ
1326,000671.SZ
1327,000672.SZ
1328,000687.SZ
1329,000752.SZ
1330,000801.SZ
1331,000828.SZ
1332,000859.SZ
1333,000860.SZ
1334,000883.SZ
1335,000900.SZ
1336,000930.SZ
1337,000936.SZ
1338,000937.SZ
1339,000955.SZ
1340,000957.SZ
1341,000966.SZ
1342,000980.SZ
1343,002002.SZ
1344,600051.SH
1345,600071.SH
1346,600081.SH
1347,600082.SH
1348,600120.SH
1349,600150.SH
1350,600163.SH
1351,600187.SH
1352,600190.SH
1353,600192.SH
1354,600208.SH
1355,600219.SH
1356,600220.SH
1357,600240.SH
1358,600273.SH
1359,600308.SH
1360,600320.SH
1361,600328.SH
1362,600338.SH
1363,600360.SH
1364,600365.SH
1365,600372.SH
1366,600395.SH
1367,600429.SH
1368,600507.SH
1369,600527.SH
1370,600547.SH
1371,600568.SH
1372,600570.SH
1373,600603.SH
1374,600606.SH
1375,600620.SH
1376,600653.SH
1377,600654.SH
1378,600730.SH
1379,600775.SH
1380,600780.SH
1381,600787.SH
1382,600821.SH
1383,600822.SH
1384,600827.SH
1385,600862.SH
1386,600875.SH
1387,600896.SH
1388,600998.SH
1389,601021.SH
1390,601339.SH
1391,601500.SH
1392,601601.SH
1393,601678.SH
1394,601811.SH
1395,601872.SH
1396,601880.SH
1397,603008.SH
1398,603101.SH
1399,603138.SH
1400,603196.SH
1401,603300.SH
1402,603421.SH
1403,601226.SH
1404,601313.SH
1405,601336.SH
1406,601388.SH
1407,601398.SH
1408,601788.SH
1409,601886.SH
1410,601958.SH
1411,601985.SH
1412,601992.SH
1413,603011.SH
1414,603016.SH
1415,603031.SH
1416,603100.SH
1417,603177.SH
1418,603226.SH
1419,603239.SH
1420,603269.SH
1421,603367.SH
1422,603378.SH
1423,603380.SH
1424,603399.SH
1425,603559.SH
1426,603599.SH
1427,603609.SH
1428,603665.SH
1429,603877.SH
1430,603899.SH
1431,603958.SH
1432,603960.SH
1433,603979.SH
1434,603986.SH
1435,603989.SH
1436,603990.SH
1437,000016.SZ
1438,000019.SZ
1439,000031.SZ
1440,000037.SZ
1441,000039.SZ
1442,000425.SZ
1443,000505.SZ
1444,000543.SZ
1445,000544.SZ
1446,000548.SZ
1447,000553.SZ
1448,000555.SZ
1449,000603.SZ
1450,000606.SZ
1451,000608.SZ
1452,000629.SZ
1453,000652.SZ
1454,000669.SZ
1455,000673.SZ
1456,000679.SZ
1457,000683.SZ
1458,000700.SZ
1459,000756.SZ
1460,000768.SZ
1461,601369.SH
1462,601588.SH
1463,601607.SH
1464,601616.SH
1465,601628.SH
1466,601689.SH
1467,601952.SH
1468,603019.SH
1469,603021.SH
1470,603025.SH
1471,603028.SH
1472,603085.SH
1473,603086.SH
1474,603089.SH
1475,603118.SH
1476,603123.SH
1477,603168.SH
1478,603180.SH
1479,603188.SH
1480,603223.SH
1481,603228.SH
1482,603299.SH
1483,603309.SH
1484,603336.SH
1485,603358.SH
1486,603368.SH
1487,603456.SH
1488,603496.SH
1489,603557.SH
1490,603616.SH
1491,603617.SH
1492,603799.SH
1493,603819.SH
1494,603826.SH
1495,603860.SH
1496,603885.SH
1497,603898.SH
1498,603903.SH
1499,603966.SH
1500,603991.SH
1501,000420.SZ
1502,000523.SZ
1503,000538.SZ
1504,000546.SZ
1505,000576.SZ
1506,000590.SZ
1507,000596.SZ
1508,000612.SZ
1509,000697.SZ
1510,000717.SZ
1511,000759.SZ
1512,000777.SZ
1513,000819.SZ
1514,000836.SZ
1515,000850.SZ
1516,000875.SZ
1517,000877.SZ
1518,000892.SZ
1519,000935.SZ
1520,603458.SH
1521,603515.SH
1522,603555.SH
1523,603577.SH
1524,603589.SH
1525,603600.SH
1526,603606.SH
1527,603638.SH
1528,603690.SH
1529,603717.SH
1530,603776.SH
1531,603833.SH
1532,603878.SH
1533,603880.SH
1534,603889.SH
1535,603938.SH
1536,603999.SH
1537,000005.SZ
1538,000008.SZ
1539,000009.SZ
1540,000063.SZ
1541,000078.SZ
1542,000403.SZ
1543,000510.SZ
1544,000517.SZ
1545,000530.SZ
1546,000533.SZ
1547,000554.SZ
1548,000586.SZ
1549,000601.SZ
1550,000613.SZ
1551,000639.SZ
1552,000670.SZ
1553,000677.SZ
1554,000682.SZ
1555,000688.SZ
1556,000695.SZ
1557,000698.SZ
1558,000702.SZ
1559,000723.SZ
1560,000725.SZ
1561,000779.SZ
1562,000796.SZ
1563,000851.SZ
1564,000861.SZ
1565,000869.SZ
1566,000880.SZ
1567,000882.SZ
1568,000890.SZ
1569,000893.SZ
1570,000938.SZ
1571,000959.SZ
1572,000962.SZ
1573,000976.SZ
1574,000981.SZ
1575,002004.SZ
1576,002035.SZ
1577,603181.SH
1578,603199.SH
1579,603222.SH
1580,603258.SH
1581,603316.SH
1582,603355.SH
1583,603538.SH
1584,603598.SH
1585,603601.SH
1586,603630.SH
1587,603813.SH
1588,603822.SH
1589,603855.SH
1590,603888.SH
1591,603968.SH
1592,000001.SZ
1593,000004.SZ
1594,000007.SZ
1595,000020.SZ
1596,000055.SZ
1597,000056.SZ
1598,000096.SZ
1599,000155.SZ
1600,000498.SZ
1601,000506.SZ
1602,000547.SZ
1603,000560.SZ
1604,000581.SZ
1605,000627.SZ
1606,000633.SZ
1607,000662.SZ
1608,000691.SZ
1609,000707.SZ
1610,000708.SZ
1611,000716.SZ
1612,000750.SZ
1613,000757.SZ
1614,000758.SZ
1615,000760.SZ
1616,000762.SZ
1617,000792.SZ
1618,000810.SZ
1619,000878.SZ
1620,000888.SZ
1621,000899.SZ
1622,000902.SZ
1623,000906.SZ
1624,000953.SZ
1625,000960.SZ
1626,000975.SZ
1627,000985.SZ
1628,002023.SZ
1629,603099.SH
1630,603129.SH
1631,603160.SH
1632,603167.SH
1633,603178.SH
1634,603337.SH
1635,603393.SH
1636,603501.SH
1637,603578.SH
1638,603676.SH
1639,603718.SH
1640,603808.SH
1641,603818.SH
1642,603881.SH
1643,603955.SH
1644,603978.SH
1645,603985.SH
1646,000017.SZ
1647,000018.SZ
1648,000021.SZ
1649,000157.SZ
1650,000525.SZ
1651,000591.SZ
1652,000616.SZ
1653,000628.SZ
1654,000668.SZ
1655,000692.SZ
1656,000701.SZ
1657,000709.SZ
1658,000715.SZ
1659,000726.SZ
1660,000731.SZ
1661,000735.SZ
1662,000736.SZ
1663,000737.SZ
1664,000766.SZ
1665,000782.SZ
1666,000788.SZ
1667,000789.SZ
1668,000793.SZ
1669,000837.SZ
1670,000922.SZ
1671,000925.SZ
1672,000926.SZ
1673,000933.SZ
1674,000968.SZ
1675,000977.SZ
1676,000988.SZ
1677,000995.SZ
1678,001896.SZ
1679,002001.SZ
1680,002014.SZ
1681,002017.SZ
1682,002032.SZ
1683,603517.SH
1684,603567.SH
1685,603678.SH
1686,603679.SH
1687,603716.SH
1688,603779.SH
1689,603797.SH
1690,603803.SH
1691,603886.SH
1692,603918.SH
1693,603959.SH
1694,603963.SH
1695,603969.SH
1696,603976.SH
1697,000010.SZ
1698,000040.SZ
1699,000042.SZ
1700,000050.SZ
1701,000066.SZ
1702,000090.SZ
1703,000100.SZ
1704,000156.SZ
1705,000338.SZ
1706,000421.SZ
1707,000509.SZ
1708,000528.SZ
1709,000529.SZ
1710,000531.SZ
1711,000532.SZ
1712,000550.SZ
1713,000584.SZ
1714,000597.SZ
1715,000598.SZ
1716,000605.SZ
1717,000625.SZ
1718,000650.SZ
1719,000761.SZ
1720,000783.SZ
1721,000823.SZ
1722,000856.SZ
1723,000858.SZ
1724,000909.SZ
1725,000918.SZ
1726,000950.SZ
1727,000967.SZ
1728,000969.SZ
1729,001696.SZ
1730,002034.SZ
1731,002036.SZ
1732,000791.SZ
1733,000800.SZ
1734,000826.SZ
1735,000833.SZ
1736,000835.SZ
1737,000911.SZ
1738,000929.SZ
1739,000963.SZ
1740,000979.SZ
1741,000983.SZ
1742,002012.SZ
1743,002016.SZ
1744,002027.SZ
1745,000972.SZ
1746,000993.SZ
1747,000997.SZ
1748,001979.SZ
1749,002006.SZ
1750,002020.SZ
1751,601727.SH
1752,601888.SH
1753,603015.SH
1754,603037.SH
1755,603063.SH
1756,603069.SH
1757,603111.SH
1758,603165.SH
1759,603198.SH
1760,603218.SH
1761,603305.SH
1762,603320.SH
1763,603323.SH
1764,603338.SH
1765,603611.SH
1766,603628.SH
1767,603639.SH
1768,603667.SH
1769,603698.SH
1770,603728.SH
1771,603730.SH
1772,603767.SH
1773,603801.SH
1774,603869.SH
1775,603933.SH
1776,000026.SZ
1777,000035.SZ
1778,000059.SZ
1779,000402.SZ
1780,000416.SZ
1781,000503.SZ
1782,000521.SZ
1783,000540.SZ
1784,000541.SZ
1785,000558.SZ
1786,000582.SZ
1787,000615.SZ
1788,000631.SZ
1789,000656.SZ
1790,000659.SZ
1791,000710.SZ
1792,000806.SZ
1793,000813.SZ
1794,000848.SZ
1795,000912.SZ
1796,000998.SZ
1797,002011.SZ
1798,002018.SZ
1799,002029.SZ
1800,601949.SH
1801,601969.SH
1802,603026.SH
1803,603055.SH
1804,603066.SH
1805,603098.SH
1806,603106.SH
1807,603183.SH
1808,603186.SH
1809,603200.SH
1810,603326.SH
1811,603357.SH
1812,603508.SH
1813,603556.SH
1814,603612.SH
1815,603615.SH
1816,603699.SH
1817,603721.SH
1818,603766.SH
1819,603896.SH
1820,603909.SH
1821,603920.SH
1822,000029.SZ
1823,000036.SZ
1824,000038.SZ
1825,000045.SZ
1826,000301.SZ
1827,000400.SZ
1828,000409.SZ
1829,000429.SZ
1830,000504.SZ
1831,000566.SZ
1832,000585.SZ
1833,000587.SZ
1834,000665.SZ
1835,000680.SZ
1836,000690.SZ
1837,000712.SZ
1838,000815.SZ
1839,000839.SZ
1840,000862.SZ
1841,000863.SZ
1842,000868.SZ
1843,000887.SZ
1844,000913.SZ
1845,000927.SZ
1846,000928.SZ
1847,000970.SZ
1848,002013.SZ
1849,002021.SZ
1850,002055.SZ
1851,002040.SZ
1852,002041.SZ
1853,002057.SZ
1854,002037.SZ
1855,002053.SZ
1856,002048.SZ
1857,002064.SZ
1858,002069.SZ
1859,002126.SZ
1860,002140.SZ
1861,002163.SZ
1862,002173.SZ
1863,002178.SZ
1864,002187.SZ
1865,002191.SZ
1866,002255.SZ
1867,002271.SZ
1868,002290.SZ
1869,002319.SZ
1870,002068.SZ
1871,002385.SZ
1872,002086.SZ
1873,002405.SZ
1874,002097.SZ
1875,002099.SZ
1876,002417.SZ
1877,002119.SZ
1878,002463.SZ
1879,002132.SZ
1880,002139.SZ
1881,002466.SZ
1882,002160.SZ
1883,002168.SZ
1884,002489.SZ
1885,002170.SZ
1886,002501.SZ
1887,002217.SZ
1888,002223.SZ
1889,002508.SZ
1890,002236.SZ
1891,002512.SZ
1892,002272.SZ
1893,002534.SZ
1894,002275.SZ
1895,002277.SZ
1896,002535.SZ
1897,002301.SZ
1898,002308.SZ
1899,002320.SZ
1900,002548.SZ
1901,002552.SZ
1902,002577.SZ
1903,002581.SZ
1904,002614.SZ
1905,002618.SZ
1906,002334.SZ
1907,002338.SZ
1908,002663.SZ
1909,002377.SZ
1910,002381.SZ
1911,002384.SZ
1912,002711.SZ
1913,002420.SZ
1914,002432.SZ
1915,002716.SZ
1916,002479.SZ
1917,002533.SZ
1918,002719.SZ
1919,002726.SZ
1920,002551.SZ
1921,002557.SZ
1922,002739.SZ
1923,002772.SZ
1924,002579.SZ
1925,002596.SZ
1926,002796.SZ
1927,002851.SZ
1928,002597.SZ
1929,002855.SZ
1930,002859.SZ
1931,002867.SZ
1932,002882.SZ
1933,300006.SZ
1934,300036.SZ
1935,300054.SZ
1936,300055.SZ
1937,300111.SZ
1938,300124.SZ
1939,300139.SZ
1940,002615.SZ
1941,300144.SZ
1942,002628.SZ
1943,300145.SZ
1944,002650.SZ
1945,002651.SZ
1946,300158.SZ
1947,002660.SZ
1948,300168.SZ
1949,002675.SZ
1950,002683.SZ
1951,002686.SZ
1952,300180.SZ
1953,300209.SZ
1954,002695.SZ
1955,002698.SZ
1956,300211.SZ
1957,300266.SZ
1958,002707.SZ
1959,300273.SZ
1960,002709.SZ
1961,002713.SZ
1962,300285.SZ
1963,300305.SZ
1964,002736.SZ
1965,002742.SZ
1966,300364.SZ
1967,002765.SZ
1968,002810.SZ
1969,002829.SZ
1970,002840.SZ
1971,002858.SZ
1972,002885.SZ
1973,002886.SZ
1974,002888.SZ
1975,002902.SZ
1976,300024.SZ
1977,300026.SZ
1978,300047.SZ
1979,300078.SZ
1980,300082.SZ
1981,300086.SZ
1982,002046.SZ
1983,002047.SZ
1984,002062.SZ
1985,002071.SZ
1986,002083.SZ
1987,002088.SZ
1988,002092.SZ
1989,002095.SZ
1990,002114.SZ
1991,002120.SZ
1992,002137.SZ
1993,002188.SZ
1994,002194.SZ
1995,002200.SZ
1996,002216.SZ
1997,002239.SZ
1998,002267.SZ
1999,002276.SZ
2000,002282.SZ
2001,002289.SZ
2002,002358.SZ
2003,002368.SZ
2004,002391.SZ
2005,002399.SZ
2006,002414.SZ
2007,002443.SZ
2008,002453.SZ
2009,002482.SZ
2010,002492.SZ
2011,002500.SZ
2012,002563.SZ
2013,002566.SZ
2014,002610.SZ
2015,002641.SZ
2016,002677.SZ
2017,002678.SZ
2018,002701.SZ
2019,002760.SZ
2020,002774.SZ
2021,002783.SZ
2022,002800.SZ
2023,002816.SZ
2024,002822.SZ
2025,002826.SZ
2026,002852.SZ
2027,002876.SZ
2028,300003.SZ
2029,300038.SZ
2030,300040.SZ
2031,300044.SZ
2032,300059.SZ
2033,300065.SZ
2034,300066.SZ
2035,300070.SZ
2036,300072.SZ
2037,300099.SZ
2038,300113.SZ
2039,300115.SZ
2040,300129.SZ
2041,300161.SZ
2042,300171.SZ
2043,300177.SZ
2044,300181.SZ
2045,002079.SZ
2046,002082.SZ
2047,002098.SZ
2048,002144.SZ
2049,002147.SZ
2050,002162.SZ
2051,002171.SZ
2052,002185.SZ
2053,002198.SZ
2054,002203.SZ
2055,002213.SZ
2056,002218.SZ
2057,002248.SZ
2058,002264.SZ
2059,002287.SZ
2060,002303.SZ
2061,002305.SZ
2062,002326.SZ
2063,002342.SZ
2064,002346.SZ
2065,002364.SZ
2066,002369.SZ
2067,002378.SZ
2068,002413.SZ
2069,002426.SZ
2070,002433.SZ
2071,002444.SZ
2072,002459.SZ
2073,002477.SZ
2074,002495.SZ
2075,002517.SZ
2076,002518.SZ
2077,002524.SZ
2078,002544.SZ
2079,002560.SZ
2080,002565.SZ
2081,002622.SZ
2082,002646.SZ
2083,002668.SZ
2084,002671.SZ
2085,002689.SZ
2086,002696.SZ
2087,002732.SZ
2088,002733.SZ
2089,002741.SZ
2090,002761.SZ
2091,002763.SZ
2092,002775.SZ
2093,002776.SZ
2094,002787.SZ
2095,002788.SZ
2096,002790.SZ
2097,002807.SZ
2098,002811.SZ
2099,002819.SZ
2100,002828.SZ
2101,002832.SZ
2102,002838.SZ
2103,002849.SZ
2104,002863.SZ
2105,002883.SZ
2106,002887.SZ
2107,002061.SZ
2108,002066.SZ
2109,002077.SZ
2110,002159.SZ
2111,002161.SZ
2112,002225.SZ
2113,002234.SZ
2114,002237.SZ
2115,002254.SZ
2116,002265.SZ
2117,002284.SZ
2118,002310.SZ
2119,002317.SZ
2120,002337.SZ
2121,002343.SZ
2122,002345.SZ
2123,002355.SZ
2124,002374.SZ
2125,002397.SZ
2126,002415.SZ
2127,002424.SZ
2128,002431.SZ
2129,002439.SZ
2130,002440.SZ
2131,002447.SZ
2132,002455.SZ
2133,002467.SZ
2134,002473.SZ
2135,002502.SZ
2136,002507.SZ
2137,002523.SZ
2138,002527.SZ
2139,002545.SZ
2140,002556.SZ
2141,002595.SZ
2142,002604.SZ
2143,002613.SZ
2144,002621.SZ
2145,002630.SZ
2146,002643.SZ
2147,002667.SZ
2148,002672.SZ
2149,002703.SZ
2150,002722.SZ
2151,002725.SZ
2152,002781.SZ
2153,002803.SZ
2154,002806.SZ
2155,002809.SZ
2156,002823.SZ
2157,002836.SZ
2158,002843.SZ
2159,002870.SZ
2160,002871.SZ
2161,002873.SZ
2162,300002.SZ
2163,300004.SZ
2164,300020.SZ
2165,300041.SZ
2166,300073.SZ
2167,300085.SZ
2168,300095.SZ
2169,300117.SZ
2170,002043.SZ
2171,002049.SZ
2172,002063.SZ
2173,002080.SZ
2174,002094.SZ
2175,002108.SZ
2176,002134.SZ
2177,002135.SZ
2178,002146.SZ
2179,002164.SZ
2180,002167.SZ
2181,002175.SZ
2182,002196.SZ
2183,002219.SZ
2184,002230.SZ
2185,002238.SZ
2186,002247.SZ
2187,002249.SZ
2188,002296.SZ
2189,002321.SZ
2190,002327.SZ
2191,002350.SZ
2192,002353.SZ
2193,002401.SZ
2194,002402.SZ
2195,002411.SZ
2196,002419.SZ
2197,002474.SZ
2198,002483.SZ
2199,002484.SZ
2200,002488.SZ
2201,002494.SZ
2202,002503.SZ
2203,002528.SZ
2204,002571.SZ
2205,002576.SZ
2206,002578.SZ
2207,002586.SZ
2208,002591.SZ
2209,002600.SZ
2210,002603.SZ
2211,002617.SZ
2212,002634.SZ
2213,002681.SZ
2214,002730.SZ
2215,002731.SZ
2216,002745.SZ
2217,002751.SZ
2218,002759.SZ
2219,002762.SZ
2220,002771.SZ
2221,002812.SZ
2222,002813.SZ
2223,002824.SZ
2224,002857.SZ
2225,002861.SZ
2226,300029.SZ
2227,300030.SZ
2228,300033.SZ
2229,300053.SZ
2230,300077.SZ
2231,300089.SZ
2232,300112.SZ
2233,002058.SZ
2234,002103.SZ
2235,002117.SZ
2236,002157.SZ
2237,002166.SZ
2238,002193.SZ
2239,002244.SZ
2240,002246.SZ
2241,002263.SZ
2242,002270.SZ
2243,002291.SZ
2244,002295.SZ
2245,002297.SZ
2246,002331.SZ
2247,002347.SZ
2248,002349.SZ
2249,002356.SZ
2250,002357.SZ
2251,002360.SZ
2252,002376.SZ
2253,002380.SZ
2254,002392.SZ
2255,002400.SZ
2256,002454.SZ
2257,002491.SZ
2258,002515.SZ
2259,002519.SZ
2260,002536.SZ
2261,002537.SZ
2262,002539.SZ
2263,002549.SZ
2264,002574.SZ
2265,002580.SZ
2266,002609.SZ
2267,002631.SZ
2268,002647.SZ
2269,002656.SZ
2270,002697.SZ
2271,002715.SZ
2272,002728.SZ
2273,002770.SZ
2274,002792.SZ
2275,002802.SZ
2276,002815.SZ
2277,002835.SZ
2278,002842.SZ
2279,002845.SZ
2280,002853.SZ
2281,002868.SZ
2282,002880.SZ
2283,002896.SZ
2284,300010.SZ
2285,300013.SZ
2286,300016.SZ
2287,300017.SZ
2288,300027.SZ
2289,300042.SZ
2290,300083.SZ
2291,300090.SZ
2292,300097.SZ
2293,300101.SZ
2294,300108.SZ
2295,002050.SZ
2296,002091.SZ
2297,002141.SZ
2298,002169.SZ
2299,002183.SZ
2300,002206.SZ
2301,002235.SZ
2302,002258.SZ
2303,002261.SZ
2304,002266.SZ
2305,002273.SZ
2306,002283.SZ
2307,002286.SZ
2308,002288.SZ
2309,002318.SZ
2310,002322.SZ
2311,002325.SZ
2312,002336.SZ
2313,002341.SZ
2314,002344.SZ
2315,002363.SZ
2316,002386.SZ
2317,002396.SZ
2318,002398.SZ
2319,002408.SZ
2320,002410.SZ
2321,002428.SZ
2322,002435.SZ
2323,002451.SZ
2324,002493.SZ
2325,002514.SZ
2326,002531.SZ
2327,002540.SZ
2328,002541.SZ
2329,002584.SZ
2330,002594.SZ
2331,002601.SZ
2332,002624.SZ
2333,002648.SZ
2334,002653.SZ
2335,002657.SZ
2336,002658.SZ
2337,002659.SZ
2338,002723.SZ
2339,002724.SZ
2340,002748.SZ
2341,002756.SZ
2342,002808.SZ
2343,002817.SZ
2344,002837.SZ
2345,002866.SZ
2346,002889.SZ
2347,002895.SZ
2348,002897.SZ
2349,300021.SZ
2350,300067.SZ
2351,300122.SZ
2352,300125.SZ
2353,300148.SZ
2354,300153.SZ
2355,300162.SZ
2356,300176.SZ
2357,300248.SZ
2358,300249.SZ
2359,002039.SZ
2360,002044.SZ
2361,002054.SZ
2362,002056.SZ
2363,002072.SZ
2364,002085.SZ
2365,002118.SZ
2366,002142.SZ
2367,002145.SZ
2368,002152.SZ
2369,002158.SZ
2370,002195.SZ
2371,002197.SZ
2372,002228.SZ
2373,002242.SZ
2374,002251.SZ
2375,002262.SZ
2376,002269.SZ
2377,002279.SZ
2378,002315.SZ
2379,002340.SZ
2380,002352.SZ
2381,002367.SZ
2382,002375.SZ
2383,002403.SZ
2384,002460.SZ
2385,002470.SZ
2386,002486.SZ
2387,002505.SZ
2388,002564.SZ
2389,002585.SZ
2390,002636.SZ
2391,002639.SZ
2392,002654.SZ
2393,002664.SZ
2394,002665.SZ
2395,002684.SZ
2396,002702.SZ
2397,002714.SZ
2398,002753.SZ
2399,002757.SZ
2400,002773.SZ
2401,002789.SZ
2402,002793.SZ
2403,002820.SZ
2404,002833.SZ
2405,002839.SZ
2406,002846.SZ
2407,002872.SZ
2408,002878.SZ
2409,002898.SZ
2410,300005.SZ
2411,300012.SZ
2412,300019.SZ
2413,300028.SZ
2414,300037.SZ
2415,300063.SZ
2416,300118.SZ
2417,300150.SZ
2418,300187.SZ
2419,300224.SZ
2420,300246.SZ
2421,300252.SZ
2422,300198.SZ
2423,300210.SZ
2424,300221.SZ
2425,300228.SZ
2426,300229.SZ
2427,300237.SZ
2428,300259.SZ
2429,300261.SZ
2430,300284.SZ
2431,300294.SZ
2432,300334.SZ
2433,300337.SZ
2434,300356.SZ
2435,300367.SZ
2436,300383.SZ
2437,300384.SZ
2438,300385.SZ
2439,300386.SZ
2440,300407.SZ
2441,300415.SZ
2442,300434.SZ
2443,300439.SZ
2444,300453.SZ
2445,300477.SZ
2446,300498.SZ
2447,300061.SZ
2448,300062.SZ
2449,300069.SZ
2450,300071.SZ
2451,300075.SZ
2452,300076.SZ
2453,300084.SZ
2454,300100.SZ
2455,300140.SZ
2456,300156.SZ
2457,300175.SZ
2458,300203.SZ
2459,300207.SZ
2460,300244.SZ
2461,300260.SZ
2462,300278.SZ
2463,300302.SZ
2464,300317.SZ
2465,300350.SZ
2466,300388.SZ
2467,300419.SZ
2468,300485.SZ
2469,300499.SZ
2470,300366.SZ
2471,300401.SZ
2472,300429.SZ
2473,300463.SZ
2474,300488.SZ
2475,300489.SZ
2476,300494.SZ
2477,002059.SZ
2478,002060.SZ
2479,002067.SZ
2480,002073.SZ
2481,002090.SZ
2482,002100.SZ
2483,002106.SZ
2484,002110.SZ
2485,002122.SZ
2486,002123.SZ
2487,002127.SZ
2488,002156.SZ
2489,002176.SZ
2490,002189.SZ
2491,002190.SZ
2492,002192.SZ
2493,002202.SZ
2494,002209.SZ
2495,002210.SZ
2496,002229.SZ
2497,002232.SZ
2498,002256.SZ
2499,002292.SZ
2500,002309.SZ
2501,002328.SZ
2502,002329.SZ
2503,002335.SZ
2504,002365.SZ
2505,002373.SZ
2506,002418.SZ
2507,002425.SZ
2508,002452.SZ
2509,002465.SZ
2510,002468.SZ
2511,002471.SZ
2512,002481.SZ
2513,002487.SZ
2514,002511.SZ
2515,002520.SZ
2516,002620.SZ
2517,002625.SZ
2518,002727.SZ
2519,002746.SZ
2520,002779.SZ
2521,002795.SZ
2522,002799.SZ
2523,002825.SZ
2524,002856.SZ
2525,002875.SZ
2526,300007.SZ
2527,300008.SZ
2528,300014.SZ
2529,300034.SZ
2530,300087.SZ
2531,300107.SZ
2532,300121.SZ
2533,300123.SZ
2534,300136.SZ
2535,300149.SZ
2536,300182.SZ
2537,300195.SZ
2538,300235.SZ
2539,300258.SZ
2540,300279.SZ
2541,300127.SZ
2542,300135.SZ
2543,300155.SZ
2544,300178.SZ
2545,300183.SZ
2546,300190.SZ
2547,300197.SZ
2548,300212.SZ
2549,300218.SZ
2550,300225.SZ
2551,300236.SZ
2552,300242.SZ
2553,300256.SZ
2554,300267.SZ
2555,300295.SZ
2556,300315.SZ
2557,300352.SZ
2558,300373.SZ
2559,300427.SZ
2560,300430.SZ
2561,300438.SZ
2562,300442.SZ
2563,300455.SZ
2564,300467.SZ
2565,300493.SZ
2566,300500.SZ
2567,300120.SZ
2568,300141.SZ
2569,300147.SZ
2570,300164.SZ
2571,300196.SZ
2572,300199.SZ
2573,300200.SZ
2574,300213.SZ
2575,300216.SZ
2576,300222.SZ
2577,300223.SZ
2578,300233.SZ
2579,300271.SZ
2580,300277.SZ
2581,300299.SZ
2582,300303.SZ
2583,300313.SZ
2584,300330.SZ
2585,300336.SZ
2586,300339.SZ
2587,300370.SZ
2588,300375.SZ
2589,300443.SZ
2590,300452.SZ
2591,300468.SZ
2592,300472.SZ
2593,300482.SZ
2594,300484.SZ
2595,300487.SZ
2596,300505.SZ
2597,002128.SZ
2598,002089.SZ
2599,002038.SZ
2600,002136.SZ
2601,002149.SZ
2602,002172.SZ
2603,002181.SZ
2604,002184.SZ
2605,002212.SZ
2606,002222.SZ
2607,002233.SZ
2608,002260.SZ
2609,002307.SZ
2610,002323.SZ
2611,002339.SZ
2612,002348.SZ
2613,002370.SZ
2614,002371.SZ
2615,002382.SZ
2616,002394.SZ
2617,002395.SZ
2618,002421.SZ
2619,002436.SZ
2620,002438.SZ
2621,002441.SZ
2622,002456.SZ
2623,002478.SZ
2624,002497.SZ
2625,002506.SZ
2626,002522.SZ
2627,002542.SZ
2628,002558.SZ
2629,002561.SZ
2630,002568.SZ
2631,002583.SZ
2632,002627.SZ
2633,002632.SZ
2634,002637.SZ
2635,002640.SZ
2636,002645.SZ
2637,002655.SZ
2638,002737.SZ
2639,002740.SZ
2640,002743.SZ
2641,002805.SZ
2642,002879.SZ
2643,002899.SZ
2644,300001.SZ
2645,300011.SZ
2646,300025.SZ
2647,300116.SZ
2648,300134.SZ
2649,300154.SZ
2650,300157.SZ
2651,300170.SZ
2652,300194.SZ
2653,300230.SZ
2654,300234.SZ
2655,300239.SZ
2656,300247.SZ
2657,300250.SZ
2658,300268.SZ
2659,300282.SZ
2660,300283.SZ
2661,300293.SZ
2662,300307.SZ
2663,300253.SZ
2664,300255.SZ
2665,300257.SZ
2666,300262.SZ
2667,300287.SZ
2668,300314.SZ
2669,300324.SZ
2670,300346.SZ
2671,300354.SZ
2672,300360.SZ
2673,300381.SZ
2674,300391.SZ
2675,300400.SZ
2676,300413.SZ
2677,300418.SZ
2678,300423.SZ
2679,300441.SZ
2680,300459.SZ
2681,300464.SZ
2682,300473.SZ
2683,300479.SZ
2684,300486.SZ
2685,300501.SZ
2686,300510.SZ
2687,002096.SZ
2688,002109.SZ
2689,002116.SZ
2690,002131.SZ
2691,002151.SZ
2692,002165.SZ
2693,002177.SZ
2694,002201.SZ
2695,002226.SZ
2696,002240.SZ
2697,002252.SZ
2698,002259.SZ
2699,002280.SZ
2700,002294.SZ
2701,002299.SZ
2702,002300.SZ
2703,002304.SZ
2704,002359.SZ
2705,002361.SZ
2706,002372.SZ
2707,002388.SZ
2708,002393.SZ
2709,002422.SZ
2710,002427.SZ
2711,002430.SZ
2712,002449.SZ
2713,002457.SZ
2714,002476.SZ
2715,002498.SZ
2716,002504.SZ
2717,002513.SZ
2718,002543.SZ
2719,002570.SZ
2720,002572.SZ
2721,002593.SZ
2722,002599.SZ
2723,002608.SZ
2724,002623.SZ
2725,002633.SZ
2726,002635.SZ
2727,002644.SZ
2728,002661.SZ
2729,002662.SZ
2730,002676.SZ
2731,002680.SZ
2732,002688.SZ
2733,002690.SZ
2734,002699.SZ
2735,002718.SZ
2736,002729.SZ
2737,002738.SZ
2738,002752.SZ
2739,002827.SZ
2740,002830.SZ
2741,002848.SZ
2742,002850.SZ
2743,002869.SZ
2744,002877.SZ
2745,002900.SZ
2746,300032.SZ
2747,300049.SZ
2748,300308.SZ
2749,300310.SZ
2750,300322.SZ
2751,300328.SZ
2752,300338.SZ
2753,300363.SZ
2754,300368.SZ
2755,300395.SZ
2756,300398.SZ
2757,300402.SZ
2758,300425.SZ
2759,300431.SZ
2760,300432.SZ
2761,300456.SZ
2762,300462.SZ
2763,300507.SZ
2764,300508.SZ
2765,002042.SZ
2766,002065.SZ
2767,002074.SZ
2768,002075.SZ
2769,002076.SZ
2770,002093.SZ
2771,002102.SZ
2772,002115.SZ
2773,002155.SZ
2774,002174.SZ
2775,002241.SZ
2776,002245.SZ
2777,002253.SZ
2778,002298.SZ
2779,002316.SZ
2780,002324.SZ
2781,002330.SZ
2782,002387.SZ
2783,002390.SZ
2784,002406.SZ
2785,002429.SZ
2786,002434.SZ
2787,002446.SZ
2788,002458.SZ
2789,002462.SZ
2790,002472.SZ
2791,002509.SZ
2792,002510.SZ
2793,002521.SZ
2794,002532.SZ
2795,002546.SZ
2796,002547.SZ
2797,002573.SZ
2798,002598.SZ
2799,002638.SZ
2800,002642.SZ
2801,002649.SZ
2802,002674.SZ
2803,002679.SZ
2804,002682.SZ
2805,002685.SZ
2806,002749.SZ
2807,002755.SZ
2808,002766.SZ
2809,002777.SZ
2810,002780.SZ
2811,002782.SZ
2812,002785.SZ
2813,002786.SZ
2814,002847.SZ
2815,002891.SZ
2816,002892.SZ
2817,300022.SZ
2818,300056.SZ
2819,300080.SZ
2820,300081.SZ
2821,300088.SZ
2822,300167.SZ
2823,300188.SZ
2824,300215.SZ
2825,300238.SZ
2826,300265.SZ
2827,300304.SZ
2828,002070.SZ
2829,002045.SZ
2830,002051.SZ
2831,002084.SZ
2832,002101.SZ
2833,002113.SZ
2834,002130.SZ
2835,002133.SZ
2836,002138.SZ
2837,002148.SZ
2838,002150.SZ
2839,002154.SZ
2840,002179.SZ
2841,002205.SZ
2842,002207.SZ
2843,002215.SZ
2844,002227.SZ
2845,002243.SZ
2846,002268.SZ
2847,002293.SZ
2848,002313.SZ
2849,002407.SZ
2850,002409.SZ
2851,002445.SZ
2852,002499.SZ
2853,002516.SZ
2854,002526.SZ
2855,002559.SZ
2856,002575.SZ
2857,002592.SZ
2858,002611.SZ
2859,002629.SZ
2860,002652.SZ
2861,002666.SZ
2862,002692.SZ
2863,002705.SZ
2864,002750.SZ
2865,002769.SZ
2866,002801.SZ
2867,002821.SZ
2868,002831.SZ
2869,002881.SZ
2870,002884.SZ
2871,002890.SZ
2872,002893.SZ
2873,300009.SZ
2874,300018.SZ
2875,300023.SZ
2876,300048.SZ
2877,300051.SZ
2878,300064.SZ
2879,300103.SZ
2880,300106.SZ
2881,300114.SZ
2882,300130.SZ
2883,300131.SZ
2884,300137.SZ
2885,300142.SZ
2886,300146.SZ
2887,300191.SZ
2888,300204.SZ
2889,300205.SZ
2890,300214.SZ
2891,300240.SZ
2892,300243.SZ
2893,300269.SZ
2894,002052.SZ
2895,002087.SZ
2896,002105.SZ
2897,002107.SZ
2898,002111.SZ
2899,002112.SZ
2900,002121.SZ
2901,002124.SZ
2902,002125.SZ
2903,002129.SZ
2904,002143.SZ
2905,002153.SZ
2906,002221.SZ
2907,002224.SZ
2908,002274.SZ
2909,002278.SZ
2910,002311.SZ
2911,002312.SZ
2912,002314.SZ
2913,002351.SZ
2914,002354.SZ
2915,002362.SZ
2916,002379.SZ
2917,002383.SZ
2918,002389.SZ
2919,002404.SZ
2920,002437.SZ
2921,002442.SZ
2922,002450.SZ
2923,002464.SZ
2924,002530.SZ
2925,002555.SZ
2926,002562.SZ
2927,002567.SZ
2928,002569.SZ
2929,002582.SZ
2930,002590.SZ
2931,002602.SZ
2932,002605.SZ
2933,002607.SZ
2934,002616.SZ
2935,002619.SZ
2936,002691.SZ
2937,002694.SZ
2938,002712.SZ
2939,002734.SZ
2940,002735.SZ
2941,002758.SZ
2942,002767.SZ
2943,002768.SZ
2944,002791.SZ
2945,002841.SZ
2946,002865.SZ
2947,002901.SZ
2948,300015.SZ
2949,300043.SZ
2950,300045.SZ
2951,300046.SZ
2952,300068.SZ
2953,300074.SZ
2954,300079.SZ
2955,300091.SZ
2956,002078.SZ
2957,002081.SZ
2958,002104.SZ
2959,002180.SZ
2960,002182.SZ
2961,002186.SZ
2962,002199.SZ
2963,002204.SZ
2964,002208.SZ
2965,002211.SZ
2966,002214.SZ
2967,002220.SZ
2968,002231.SZ
2969,002250.SZ
2970,002281.SZ
2971,002285.SZ
2972,002302.SZ
2973,002306.SZ
2974,002332.SZ
2975,002333.SZ
2976,002366.SZ
2977,002412.SZ
2978,002416.SZ
2979,002423.SZ
2980,002448.SZ
2981,002461.SZ
2982,002469.SZ
2983,002475.SZ
2984,002480.SZ
2985,002485.SZ
2986,002490.SZ
2987,002496.SZ
2988,002529.SZ
2989,002538.SZ
2990,002550.SZ
2991,002553.SZ
2992,002554.SZ
2993,002587.SZ
2994,002588.SZ
2995,002589.SZ
2996,002606.SZ
2997,002612.SZ
2998,002626.SZ
2999,002669.SZ
3000,002670.SZ
3001,002673.SZ
3002,002687.SZ
3003,002693.SZ
3004,002700.SZ
3005,002706.SZ
3006,002708.SZ
3007,002717.SZ
3008,002721.SZ
3009,002747.SZ
3010,002778.SZ
3011,002797.SZ
3012,002798.SZ
3013,002818.SZ
3014,002860.SZ
3015,002862.SZ
3016,300031.SZ
3017,300035.SZ
3018,300301.SZ
3019,300306.SZ
3020,300321.SZ
3021,300351.SZ
3022,300405.SZ
3023,300426.SZ
3024,300445.SZ
3025,300458.SZ
3026,300491.SZ
3027,300513.SZ
3028,300050.SZ
3029,300058.SZ
3030,300094.SZ
3031,300105.SZ
3032,300119.SZ
3033,300128.SZ
3034,300132.SZ
3035,300133.SZ
3036,300165.SZ
3037,300174.SZ
3038,300193.SZ
3039,300202.SZ
3040,300208.SZ
3041,300220.SZ
3042,300280.SZ
3043,300298.SZ
3044,300309.SZ
3045,300343.SZ
3046,300365.SZ
3047,300377.SZ
3048,300404.SZ
3049,300409.SZ
3050,300417.SZ
3051,300421.SZ
3052,300428.SZ
3053,300470.SZ
3054,300496.SZ
3055,300514.SZ
3056,300312.SZ
3057,300318.SZ
3058,300319.SZ
3059,300325.SZ
3060,300327.SZ
3061,300332.SZ
3062,300335.SZ
3063,300349.SZ
3064,300355.SZ
3065,300380.SZ
3066,300399.SZ
3067,300446.SZ
3068,300466.SZ
3069,300469.SZ
3070,300480.SZ
3071,300490.SZ
3072,300345.SZ
3073,300362.SZ
3074,300372.SZ
3075,300414.SZ
3076,300416.SZ
3077,300444.SZ
3078,300448.SZ
3079,300460.SZ
3080,300506.SZ
3081,300512.SZ
3082,300274.SZ
3083,300275.SZ
3084,300323.SZ
3085,300326.SZ
3086,300357.SZ
3087,300369.SZ
3088,300382.SZ
3089,300389.SZ
3090,300408.SZ
3091,300410.SZ
3092,300435.SZ
3093,300436.SZ
3094,300474.SZ
3095,300495.SZ
3096,300497.SZ
3097,300138.SZ
3098,300169.SZ
3099,300173.SZ
3100,300184.SZ
3101,300201.SZ
3102,300329.SZ
3103,300348.SZ
3104,300371.SZ
3105,300379.SZ
3106,300387.SZ
3107,300394.SZ
3108,300396.SZ
3109,300411.SZ
3110,300424.SZ
3111,300447.SZ
3112,300461.SZ
3113,300465.SZ
3114,300471.SZ
3115,300476.SZ
3116,300483.SZ
3117,300515.SZ
3118,300039.SZ
3119,300052.SZ
3120,300057.SZ
3121,300093.SZ
3122,300102.SZ
3123,300166.SZ
3124,300172.SZ
3125,300192.SZ
3126,300206.SZ
3127,300217.SZ
3128,300245.SZ
3129,300264.SZ
3130,300276.SZ
3131,300288.SZ
3132,300290.SZ
3133,300292.SZ
3134,300296.SZ
3135,300297.SZ
3136,300320.SZ
3137,300340.SZ
3138,300347.SZ
3139,300359.SZ
3140,300376.SZ
3141,300393.SZ
3142,300403.SZ
3143,300420.SZ
3144,300433.SZ
3145,300437.SZ
3146,300440.SZ
3147,300451.SZ
3148,300457.SZ
3149,300503.SZ
3150,300092.SZ
3151,300126.SZ
3152,300143.SZ
3153,300159.SZ
3154,300163.SZ
3155,300179.SZ
3156,300219.SZ
3157,300226.SZ
3158,300227.SZ
3159,300232.SZ
3160,300270.SZ
3161,300272.SZ
3162,300286.SZ
3163,300311.SZ
3164,300316.SZ
3165,300331.SZ
3166,300333.SZ
3167,300341.SZ
3168,300342.SZ
3169,300353.SZ
3170,300358.SZ
3171,300390.SZ
3172,300392.SZ
3173,300412.SZ
3174,300449.SZ
3175,300450.SZ
3176,300478.SZ
3177,300481.SZ
3178,300492.SZ
3179,300502.SZ
3180,300096.SZ
3181,300098.SZ
3182,300104.SZ
3183,300109.SZ
3184,300110.SZ
3185,300151.SZ
3186,300152.SZ
3187,300160.SZ
3188,300185.SZ
3189,300189.SZ
3190,300231.SZ
3191,300241.SZ
3192,300251.SZ
3193,300254.SZ
3194,300263.SZ
3195,300281.SZ
3196,300289.SZ
3197,300291.SZ
3198,300300.SZ
3199,300344.SZ
3200,300374.SZ
3201,300378.SZ
3202,300397.SZ
3203,300406.SZ
3204,300422.SZ
3205,300475.SZ
3206,300509.SZ
3207,300511.SZ
3208,300556.SZ
3209,300551.SZ
3210,300542.SZ
3211,300567.SZ
3212,300516.SZ
3213,300517.SZ
3214,300562.SZ
3215,300589.SZ
3216,300640.SZ
3217,300641.SZ
3218,300701.SZ
3219,300578.SZ
3220,300582.SZ
3221,300603.SZ
3222,300605.SZ
3223,300606.SZ
3224,300613.SZ
3225,300623.SZ
3226,300628.SZ
3227,300643.SZ
3228,300657.SZ
3229,300658.SZ
3230,300667.SZ
3231,300675.SZ
3232,300678.SZ
3233,300697.SZ
3234,300523.SZ
3235,300597.SZ
3236,300630.SZ
3237,300665.SZ
3238,300696.SZ
3239,300706.SZ
3240,300548.SZ
3241,300550.SZ
3242,300557.SZ
3243,300561.SZ
3244,300570.SZ
3245,300595.SZ
3246,300600.SZ
3247,300608.SZ
3248,300611.SZ
3249,300626.SZ
3250,300655.SZ
3251,300659.SZ
3252,300677.SZ
3253,300686.SZ
3254,300691.SZ
3255,300519.SZ
3256,300518.SZ
3257,300528.SZ
3258,300536.SZ
3259,300553.SZ
3260,300579.SZ
3261,300601.SZ
3262,300612.SZ
3263,300633.SZ
3264,300651.SZ
3265,300670.SZ
3266,300672.SZ
3267,300690.SZ
3268,300702.SZ
3269,300531.SZ
3270,300525.SZ
3271,300537.SZ
3272,300543.SZ
3273,300590.SZ
3274,300599.SZ
3275,300609.SZ
3276,300615.SZ
3277,300637.SZ
3278,300649.SZ
3279,300656.SZ
3280,300679.SZ
3281,300695.SZ
3282,300527.SZ
3283,300546.SZ
3284,300558.SZ
3285,300568.SZ
3286,300577.SZ
3287,300580.SZ
3288,300592.SZ
3289,300642.SZ
3290,300661.SZ
3291,300681.SZ
3292,300538.SZ
3293,300586.SZ
3294,300607.SZ
3295,300627.SZ
3296,300645.SZ
3297,300700.SZ
3298,300547.SZ
3299,300549.SZ
3300,300552.SZ
3301,300555.SZ
3302,300602.SZ
3303,300616.SZ
3304,300652.SZ
3305,300662.SZ
3306,300520.SZ
3307,300529.SZ
3308,300534.SZ
3309,300535.SZ
3310,300569.SZ
3311,300581.SZ
3312,300604.SZ
3313,300620.SZ
3314,300654.SZ
3315,300671.SZ
3316,300676.SZ
3317,300685.SZ
3318,300689.SZ
3319,300692.SZ
3320,300693.SZ
3321,300530.SZ
3322,300545.SZ
3323,300560.SZ
3324,300575.SZ
3325,300585.SZ
3326,300610.SZ
3327,300621.SZ
3328,300622.SZ
3329,300625.SZ
3330,300653.SZ
3331,300683.SZ
3332,300698.SZ
3333,300522.SZ
3334,300526.SZ
3335,300539.SZ
3336,300559.SZ
3337,300576.SZ
3338,300583.SZ
3339,300584.SZ
3340,300619.SZ
3341,300629.SZ
3342,300638.SZ
3343,300666.SZ
3344,300688.SZ
3345,300699.SZ
3346,300521.SZ
3347,300532.SZ
3348,300533.SZ
3349,300565.SZ
3350,300591.SZ
3351,300639.SZ
3352,300660.SZ
3353,300663.SZ
3354,300703.SZ
3355,300540.SZ
3356,300618.SZ
3357,300631.SZ
3358,300636.SZ
3359,300687.SZ
3360,300563.SZ
3361,300541.SZ
3362,300566.SZ
3363,300571.SZ
3364,300572.SZ
3365,300573.SZ
3366,300587.SZ
3367,300588.SZ
3368,300593.SZ
3369,300598.SZ
3370,300632.SZ
3371,300647.SZ
3372,300650.SZ
3373,300669.SZ
3374,300673.SZ
3375,300554.SZ
3376,300596.SZ
3377,300617.SZ
3378,300635.SZ
3379,300648.SZ
3380,300668.SZ
3381,300680.SZ
3382,300682.SZ
